-- Categorias
INSERT INTO categories (qualificacao, descricao)
VALUES ("Econômico", "Carros com baixo consumo de combustível");
INSERT INTO categories (qualificacao, descricao)
VALUES ("Compacto", "Carros com tamanho compacto");
INSERT INTO categories (qualificacao, descricao)
VALUES ("Confort", "Carros com amplo espaço interno");
INSERT INTO categories (qualificacao, descricao)
VALUES ("Hatch", "Carros com traseira em formato hatch");
INSERT INTO categories (qualificacao, descricao)
VALUES ("Sedan", "Carros com traseira em formato sedan");
INSERT INTO categories (qualificacao, descricao)
VALUES ("Pickup", "Carros com carroceria");
INSERT INTO categories (qualificacao, descricao)
VALUES ("Elétrico", "Carros movidos a energia elétrica");
INSERT INTO categories (qualificacao, descricao)
VALUES ("Minivan", "Carros a partir de 6 lugares");
INSERT INTO categories (qualificacao, descricao)
VALUES ("SUV", "Carros utilitários adaptados para vias urbanas e terrenos irregulares");

-- Images
INSERT INTO images (titulo, url)
VALUES ("Caoa Chery Arrizo 6 - 1", "https://bucket-carshop-g4.s3.us-east-2.amazonaws.com/products/caoa-chery-arrizo6-1.jpeg");
INSERT INTO images (titulo, url)
VALUES ("Caoa Chery Arrizo 6 - 2", "https://bucket-carshop-g4.s3.us-east-2.amazonaws.com/products/caoa-chery-arrizo6-2.jpeg");
INSERT INTO images (titulo, url)
VALUES ("Caoa Chery Arrizo 6 - 3", "https://bucket-carshop-g4.s3.us-east-2.amazonaws.com/products/caoa-chery-arrizo6-3.jpeg");
INSERT INTO images (titulo, url)
VALUES ("Caoa Chery iCar - 1", "https://bucket-carshop-g4.s3.us-east-2.amazonaws.com/products/caoa-chery-icar-1.jpeg");
INSERT INTO images (titulo, url)
VALUES ("Caoa Chery iCar - 2", "https://bucket-carshop-g4.s3.us-east-2.amazonaws.com/products/caoa-chery-icar-2.jpeg");
INSERT INTO images (titulo, url)
VALUES ("Caoa Chery iCar - 3", "https://bucket-carshop-g4.s3.us-east-2.amazonaws.com/products/caoa-chery-icar-3.jpeg");
INSERT INTO images (titulo, url)
VALUES ("Caoa Chery iCar - 4", "https://bucket-carshop-g4.s3.us-east-2.amazonaws.com/products/caoa-chery-icar-4.jpeg");
INSERT INTO images (titulo, url)
VALUES ("Caoa Chery Tiggo 7 Pro Hybrid - 1", "https://bucket-carshop-g4.s3.us-east-2.amazonaws.com/products/caoa-chery-tiggo7-pro-hybrid-1.jpeg");
INSERT INTO images (titulo, url)
VALUES ("Caoa Chery Tiggo 7 Pro Hybrid - 2", "https://bucket-carshop-g4.s3.us-east-2.amazonaws.com/products/caoa-chery-tiggo7-pro-hybrid-2.jpeg");
INSERT INTO images (titulo, url)
VALUES ("Caoa Chery Tiggo 7 Pro Hybrid - 3", "https://bucket-carshop-g4.s3.us-east-2.amazonaws.com/products/caoa-chery-tiggo7-pro-hybrid-3.jpeg");
INSERT INTO images (titulo, url)
VALUES ("Caoa Chery Tiggo 8 - 1", "https://bucket-carshop-g4.s3.us-east-2.amazonaws.com/products/caoa-chery-tiggo8-1.jpg");
INSERT INTO images (titulo, url)
VALUES ("Caoa Chery Tiggo 8 - 2", "https://bucket-carshop-g4.s3.us-east-2.amazonaws.com/products/caoa-chery-tiggo8-2.jpg");
INSERT INTO images (titulo, url)
VALUES ("Caoa Chery Tiggo 8 - 3", "https://bucket-carshop-g4.s3.us-east-2.amazonaws.com/products/caoa-chery-tiggo8-3.jpg");
INSERT INTO images (titulo, url)
VALUES ("Caoa Chery Tiggo 8 - 4", "https://bucket-carshop-g4.s3.us-east-2.amazonaws.com/products/caoa-chery-tiggo8-4.jpg");
INSERT INTO images (titulo, url)
VALUES ("Caoa Chery Tiggo 8 - 5", "https://bucket-carshop-g4.s3.us-east-2.amazonaws.com/products/caoa-chery-tiggo8-5.jpg");
INSERT INTO images (titulo, url)
VALUES ("Caoa Chery Tiggo 8 - 6", "https://bucket-carshop-g4.s3.us-east-2.amazonaws.com/products/caoa-chery-tiggo8-6.jpg");
INSERT INTO images (titulo, url)
VALUES ("Chevrolet Bolt - 1", "https://bucket-carshop-g4.s3.us-east-2.amazonaws.com/products/chevrolet-bolt-1.jpg");
INSERT INTO images (titulo, url)
VALUES ("Chevrolet Bolt - 2", "https://bucket-carshop-g4.s3.us-east-2.amazonaws.com/products/chevrolet-bolt-2.jpg");
INSERT INTO images (titulo, url)
VALUES ("Chevrolet Bolt - 3", "https://bucket-carshop-g4.s3.us-east-2.amazonaws.com/products/chevrolet-bolt-3.jpg");
INSERT INTO images (titulo, url)
VALUES ("Chevrolet Bolt - 4", "https://bucket-carshop-g4.s3.us-east-2.amazonaws.com/products/chevrolet-bolt-4.jpg");
INSERT INTO images (titulo, url)
VALUES ("Chevrolet Bolt - 5", "https://bucket-carshop-g4.s3.us-east-2.amazonaws.com/products/chevrolet-bolt-5.jpg");
INSERT INTO images (titulo, url)
VALUES ("Chevrolet Bolt - 6", "https://bucket-carshop-g4.s3.us-east-2.amazonaws.com/products/chevrolet-bolt-6.jpg");
INSERT INTO images (titulo, url)
VALUES ("Chevrolet Cruze - 1", "https://bucket-carshop-g4.s3.us-east-2.amazonaws.com/products/chevrolet-cruze-1.jpg");
INSERT INTO images (titulo, url)
VALUES ("Chevrolet Cruze - 2", "https://bucket-carshop-g4.s3.us-east-2.amazonaws.com/products/chevrolet-cruze-2.jpg");
INSERT INTO images (titulo, url)
VALUES ("Chevrolet Cruze - 3", "https://bucket-carshop-g4.s3.us-east-2.amazonaws.com/products/chevrolet-cruze-3.jpg");
INSERT INTO images (titulo, url)
VALUES ("Chevrolet Cruze - 4", "https://bucket-carshop-g4.s3.us-east-2.amazonaws.com/products/chevrolet-cruze-4.jpg");
INSERT INTO images (titulo, url)
VALUES ("Chevrolet Cruze - 5", "https://bucket-carshop-g4.s3.us-east-2.amazonaws.com/products/chevrolet-cruze-5.jpg");
INSERT INTO images (titulo, url)
VALUES ("Chevrolet Cruze - 6", "https://bucket-carshop-g4.s3.us-east-2.amazonaws.com/products/chevrolet-cruze-6.jpg");
INSERT INTO images (titulo, url)
VALUES ("Chevrolet Cruze Premier - 1", "https://bucket-carshop-g4.s3.us-east-2.amazonaws.com/products/chevrolet-cruze-premier-1.jpg");
INSERT INTO images (titulo, url)
VALUES ("Chevrolet Cruze Premier - 2", "https://bucket-carshop-g4.s3.us-east-2.amazonaws.com/products/chevrolet-cruze-premier-2.jpg");
INSERT INTO images (titulo, url)
VALUES ("Chevrolet Cruze Premier - 3", "https://bucket-carshop-g4.s3.us-east-2.amazonaws.com/products/chevrolet-cruze-premier-3.jpg");
INSERT INTO images (titulo, url)
VALUES ("Chevrolet Cruze Premier - 4", "https://bucket-carshop-g4.s3.us-east-2.amazonaws.com/products/chevrolet-cruze-premier-4.jpg");
INSERT INTO images (titulo, url)
VALUES ("Chevrolet Cruze Premier - 5", "https://bucket-carshop-g4.s3.us-east-2.amazonaws.com/products/chevrolet-cruze-premier-5.jpg");
INSERT INTO images (titulo, url)
VALUES ("Chevrolet Cruze Premier - 6", "https://bucket-carshop-g4.s3.us-east-2.amazonaws.com/products/chevrolet-cruze-premier-6.jpg");
INSERT INTO images (titulo, url)
VALUES ("Chevrolet Onix - 1", "https://bucket-carshop-g4.s3.us-east-2.amazonaws.com/products/chevrolet-onix-1.jpg");
INSERT INTO images (titulo, url)
VALUES ("Chevrolet Onix - 2", "https://bucket-carshop-g4.s3.us-east-2.amazonaws.com/products/chevrolet-onix-2.jpg");
INSERT INTO images (titulo, url)
VALUES ("Chevrolet Onix - 3", "https://bucket-carshop-g4.s3.us-east-2.amazonaws.com/products/chevrolet-onix-3.jpg");
INSERT INTO images (titulo, url)
VALUES ("Chevrolet Onix - 4", "https://bucket-carshop-g4.s3.us-east-2.amazonaws.com/products/chevrolet-onix-4.jpg");
INSERT INTO images (titulo, url)
VALUES ("Chevrolet Onix - 5", "https://bucket-carshop-g4.s3.us-east-2.amazonaws.com/products/chevrolet-onix-5.jpg");
INSERT INTO images (titulo, url)
VALUES ("Chevrolet S10 - 1", "https://bucket-carshop-g4.s3.us-east-2.amazonaws.com/products/chevrolet-s10-1.jpg");
INSERT INTO images (titulo, url)
VALUES ("Chevrolet S10 - 2", "https://bucket-carshop-g4.s3.us-east-2.amazonaws.com/products/chevrolet-s10-2.jpg");
INSERT INTO images (titulo, url)
VALUES ("Chevrolet S10 - 3", "https://bucket-carshop-g4.s3.us-east-2.amazonaws.com/products/chevrolet-s10-3.jpg");
INSERT INTO images (titulo, url)
VALUES ("Chevrolet S10 - 4", "https://bucket-carshop-g4.s3.us-east-2.amazonaws.com/products/chevrolet-s10-4.jpg");
INSERT INTO images (titulo, url)
VALUES ("Chevrolet S10 - 5", "https://bucket-carshop-g4.s3.us-east-2.amazonaws.com/products/chevrolet-s10-5.jpg");
INSERT INTO images (titulo, url)
VALUES ("Chevrolet S10 - 6", "https://bucket-carshop-g4.s3.us-east-2.amazonaws.com/products/chevrolet-s10-6.jpg");
INSERT INTO images (titulo, url)
VALUES ("Chevrolet Spin - 1", "https://bucket-carshop-g4.s3.us-east-2.amazonaws.com/products/chevrolet-spin-1.jpg");
INSERT INTO images (titulo, url)
VALUES ("Chevrolet Spin - 2", "https://bucket-carshop-g4.s3.us-east-2.amazonaws.com/products/chevrolet-spin-2.jpg");
INSERT INTO images (titulo, url)
VALUES ("Chevrolet Spin - 3", "https://bucket-carshop-g4.s3.us-east-2.amazonaws.com/products/chevrolet-spin-3.jpg");
INSERT INTO images (titulo, url)
VALUES ("Chevrolet Spin - 4", "https://bucket-carshop-g4.s3.us-east-2.amazonaws.com/products/chevrolet-spin-4.jpg");
INSERT INTO images (titulo, url)
VALUES ("Chevrolet Spin - 5", "https://bucket-carshop-g4.s3.us-east-2.amazonaws.com/products/chevrolet-spin-5.jpg");
INSERT INTO images (titulo, url)
VALUES ("Chevrolet Tracker - 1", "https://bucket-carshop-g4.s3.us-east-2.amazonaws.com/products/chevrolet-tracker-1.jpg");
INSERT INTO images (titulo, url)
VALUES ("Chevrolet Tracker - 2", "https://bucket-carshop-g4.s3.us-east-2.amazonaws.com/products/chevrolet-tracker-2.jpg");
INSERT INTO images (titulo, url)
VALUES ("Chevrolet Tracker - 3", "https://bucket-carshop-g4.s3.us-east-2.amazonaws.com/products/chevrolet-tracker-3.jpg");
INSERT INTO images (titulo, url)
VALUES ("Chevrolet Tracker - 4", "https://bucket-carshop-g4.s3.us-east-2.amazonaws.com/products/chevrolet-tracker-4.jpg");
INSERT INTO images (titulo, url)
VALUES ("Chevrolet Tracker - 5", "https://bucket-carshop-g4.s3.us-east-2.amazonaws.com/products/chevrolet-tracker-5.jpg");
INSERT INTO images (titulo, url)
VALUES ("Fiat 500e - 1", "https://bucket-carshop-g4.s3.us-east-2.amazonaws.com/products/fiat-500e-1.jpg");
INSERT INTO images (titulo, url)
VALUES ("Fiat 500e - 2", "https://bucket-carshop-g4.s3.us-east-2.amazonaws.com/products/fiat-500e-2.jpg");
INSERT INTO images (titulo, url)
VALUES ("Fiat 500e - 3", "https://bucket-carshop-g4.s3.us-east-2.amazonaws.com/products/fiat-500e-3.jpg");
INSERT INTO images (titulo, url)
VALUES ("Fiat Argo - 1", "https://bucket-carshop-g4.s3.us-east-2.amazonaws.com/products/fiat-argo-1.jpeg");
INSERT INTO images (titulo, url)
VALUES ("Fiat Argo - 2", "https://bucket-carshop-g4.s3.us-east-2.amazonaws.com/products/fiat-argo-2.jpeg");
INSERT INTO images (titulo, url)
VALUES ("Fiat Cronos - 1", "https://bucket-carshop-g4.s3.us-east-2.amazonaws.com/products/fiat-cronos-1.jpeg");
INSERT INTO images (titulo, url)
VALUES ("Fiat Cronos - 2", "https://bucket-carshop-g4.s3.us-east-2.amazonaws.com/products/fiat-cronos-2.jpeg");
INSERT INTO images (titulo, url)
VALUES ("Fiat Mobi - 1", "https://bucket-carshop-g4.s3.us-east-2.amazonaws.com/products/fiat-mobi-1.jpeg");
INSERT INTO images (titulo, url)
VALUES ("Fiat Mobi - 2", "https://bucket-carshop-g4.s3.us-east-2.amazonaws.com/products/fiat-mobi-2.jpeg");
INSERT INTO images (titulo, url)
VALUES ("Fiat Mobi Trekking - 1", "https://bucket-carshop-g4.s3.us-east-2.amazonaws.com/products/fiat-mobi-trekking-1.jpeg");
INSERT INTO images (titulo, url)
VALUES ("Fiat Mobi Trekking - 2", "https://bucket-carshop-g4.s3.us-east-2.amazonaws.com/products/fiat-mobi-trekking-2.jpeg");
INSERT INTO images (titulo, url)
VALUES ("Fiat Pulse - 1", "https://bucket-carshop-g4.s3.us-east-2.amazonaws.com/products/fiat-pulse-1.jpg");
INSERT INTO images (titulo, url)
VALUES ("Fiat Pulse - 2", "https://bucket-carshop-g4.s3.us-east-2.amazonaws.com/products/fiat-pulse-2.jpg");
INSERT INTO images (titulo, url)
VALUES ("Fiat Pulse - 3", "https://bucket-carshop-g4.s3.us-east-2.amazonaws.com/products/fiat-pulse-3.jpg");
INSERT INTO images (titulo, url)
VALUES ("Fiat Strada - 1", "https://bucket-carshop-g4.s3.us-east-2.amazonaws.com/products/fiat-strada-1.jpg");
INSERT INTO images (titulo, url)
VALUES ("Fiat Strada - 2", "https://bucket-carshop-g4.s3.us-east-2.amazonaws.com/products/fiat-strada-2.jpg");
INSERT INTO images (titulo, url)
VALUES ("Fiat Strada Cabine Dupla - 1", "https://bucket-carshop-g4.s3.us-east-2.amazonaws.com/products/fiat-strada-dupla-1.jpg");
INSERT INTO images (titulo, url)
VALUES ("Fiat Strada Cabine Dupla - 2", "https://bucket-carshop-g4.s3.us-east-2.amazonaws.com/products/fiat-strada-dupla-2.jpg");
INSERT INTO images (titulo, url)
VALUES ("Fiat Strada Cabine Dupla - 3", "https://bucket-carshop-g4.s3.us-east-2.amazonaws.com/products/fiat-strada-dupla-3.jpg");
INSERT INTO images (titulo, url)
VALUES ("Fiat Strada Cabine Dupla - 4", "https://bucket-carshop-g4.s3.us-east-2.amazonaws.com/products/fiat-strada-dupla-4.jpg");
INSERT INTO images (titulo, url)
VALUES ("Fiat Toro - 1", "https://bucket-carshop-g4.s3.us-east-2.amazonaws.com/products/fiat-toro-1.jpg");
INSERT INTO images (titulo, url)
VALUES ("Fiat Toro - 2", "https://bucket-carshop-g4.s3.us-east-2.amazonaws.com/products/fiat-toro-2.jpg");
INSERT INTO images (titulo, url)
VALUES ("Fiat Toro - 3", "https://bucket-carshop-g4.s3.us-east-2.amazonaws.com/products/fiat-toro-3.jpg");
INSERT INTO images (titulo, url)
VALUES ("Fiat Toro - 4", "https://bucket-carshop-g4.s3.us-east-2.amazonaws.com/products/fiat-toro-4.jpg");
INSERT INTO images (titulo, url)
VALUES ("Ford Bronco Sport - 1", "https://bucket-carshop-g4.s3.us-east-2.amazonaws.com/products/ford-bronco-sport-1.jpg");
INSERT INTO images (titulo, url)
VALUES ("Ford Bronco Sport - 2", "https://bucket-carshop-g4.s3.us-east-2.amazonaws.com/products/ford-bronco-sport-2.jpg");
INSERT INTO images (titulo, url)
VALUES ("Ford Bronco Sport - 3", "https://bucket-carshop-g4.s3.us-east-2.amazonaws.com/products/ford-bronco-sport-3.jpg");
INSERT INTO images (titulo, url)
VALUES ("Ford Bronco Sport - 4", "https://bucket-carshop-g4.s3.us-east-2.amazonaws.com/products/ford-bronco-sport-4.jpg");
INSERT INTO images (titulo, url)
VALUES ("Ford Maverick - 1", "https://bucket-carshop-g4.s3.us-east-2.amazonaws.com/products/ford-maverick-1.jpg");
INSERT INTO images (titulo, url)
VALUES ("Ford Maverick - 2", "https://bucket-carshop-g4.s3.us-east-2.amazonaws.com/products/ford-maverick-2.jpg");
INSERT INTO images (titulo, url)
VALUES ("Ford Maverick - 3", "https://bucket-carshop-g4.s3.us-east-2.amazonaws.com/products/ford-maverick-3.jpg");
INSERT INTO images (titulo, url)
VALUES ("Ford Maverick - 4", "https://bucket-carshop-g4.s3.us-east-2.amazonaws.com/products/ford-maverick-4.jpg");
INSERT INTO images (titulo, url)
VALUES ("Ford Ranger - 1", "https://bucket-carshop-g4.s3.us-east-2.amazonaws.com/products/ford-ranger-1.jpg");
INSERT INTO images (titulo, url)
VALUES ("Ford Ranger - 2", "https://bucket-carshop-g4.s3.us-east-2.amazonaws.com/products/ford-ranger-2.jpg");
INSERT INTO images (titulo, url)
VALUES ("Ford Ranger - 3", "https://bucket-carshop-g4.s3.us-east-2.amazonaws.com/products/ford-ranger-3.jpg");
INSERT INTO images (titulo, url)
VALUES ("Ford Ranger - 4", "https://bucket-carshop-g4.s3.us-east-2.amazonaws.com/products/ford-ranger-4.jpg");
INSERT INTO images (titulo, url)
VALUES ("Ford Territory - 1", "https://bucket-carshop-g4.s3.us-east-2.amazonaws.com/products/ford-territory-1.jpg");
INSERT INTO images (titulo, url)
VALUES ("Ford Territory - 2", "https://bucket-carshop-g4.s3.us-east-2.amazonaws.com/products/ford-territory-2.jpg");
INSERT INTO images (titulo, url)
VALUES ("Ford Territory - 3", "https://bucket-carshop-g4.s3.us-east-2.amazonaws.com/products/ford-territory-3.jpg");
INSERT INTO images (titulo, url)
VALUES ("Ford Territory - 4", "https://bucket-carshop-g4.s3.us-east-2.amazonaws.com/products/ford-territory-4.jpg");
INSERT INTO images (titulo, url)
VALUES ("Hyundai Creta - 1", "https://bucket-carshop-g4.s3.us-east-2.amazonaws.com/products/hyundai-creta-1.jpg");
INSERT INTO images (titulo, url)
VALUES ("Hyundai Creta - 2", "https://bucket-carshop-g4.s3.us-east-2.amazonaws.com/products/hyundai-creta-2.jpg");
INSERT INTO images (titulo, url)
VALUES ("Hyundai Creta - 3", "https://bucket-carshop-g4.s3.us-east-2.amazonaws.com/products/hyundai-creta-3.jpg");
INSERT INTO images (titulo, url)
VALUES ("Hyundai Creta - 4", "https://bucket-carshop-g4.s3.us-east-2.amazonaws.com/products/hyundai-creta-4.jpg");
INSERT INTO images (titulo, url)
VALUES ("Hyundai Creta - 5", "https://bucket-carshop-g4.s3.us-east-2.amazonaws.com/products/hyundai-creta-5.jpg");
INSERT INTO images (titulo, url)
VALUES ("Hyundai Creta - 6", "https://bucket-carshop-g4.s3.us-east-2.amazonaws.com/products/hyundai-creta-6.jpg");
INSERT INTO images (titulo, url)
VALUES ("Hyundai HB20 - 1", "https://bucket-carshop-g4.s3.us-east-2.amazonaws.com/products/hyundai-hb20-1.jpg");
INSERT INTO images (titulo, url)
VALUES ("Hyundai HB20 - 2", "https://bucket-carshop-g4.s3.us-east-2.amazonaws.com/products/hyundai-hb20-2.jpg");
INSERT INTO images (titulo, url)
VALUES ("Hyundai HB20 - 3", "https://bucket-carshop-g4.s3.us-east-2.amazonaws.com/products/hyundai-hb20-3.jpg");
INSERT INTO images (titulo, url)
VALUES ("Hyundai HB20 - 4", "https://bucket-carshop-g4.s3.us-east-2.amazonaws.com/products/hyundai-hb20-4.jpg");
INSERT INTO images (titulo, url)
VALUES ("Hyundai HB20 - 5", "https://bucket-carshop-g4.s3.us-east-2.amazonaws.com/products/hyundai-hb20-5.jpg");
INSERT INTO images (titulo, url)
VALUES ("Hyundai HB20 - 6", "https://bucket-carshop-g4.s3.us-east-2.amazonaws.com/products/hyundai-hb20-6.jpg");
INSERT INTO images (titulo, url)
VALUES ("Hyundai HB20S - 1", "https://bucket-carshop-g4.s3.us-east-2.amazonaws.com/products/hyundai-hb20s-1.jpg");
INSERT INTO images (titulo, url)
VALUES ("Hyundai HB20S - 2", "https://bucket-carshop-g4.s3.us-east-2.amazonaws.com/products/hyundai-hb20s-2.jpg");
INSERT INTO images (titulo, url)
VALUES ("Hyundai HB20S - 3", "https://bucket-carshop-g4.s3.us-east-2.amazonaws.com/products/hyundai-hb20s-3.jpg");
INSERT INTO images (titulo, url)
VALUES ("Hyundai HB20S - 4", "https://bucket-carshop-g4.s3.us-east-2.amazonaws.com/products/hyundai-hb20s-4.jpg");
INSERT INTO images (titulo, url)
VALUES ("Hyundai HB20S - 5", "https://bucket-carshop-g4.s3.us-east-2.amazonaws.com/products/hyundai-hb20s-5.jpg");
INSERT INTO images (titulo, url)
VALUES ("Hyundai HB20S - 6", "https://bucket-carshop-g4.s3.us-east-2.amazonaws.com/products/hyundai-hb20s-6.jpg");
INSERT INTO images (titulo, url)
VALUES ("Mitsubishi L200 Triton Outdoor - 1", "https://bucket-carshop-g4.s3.us-east-2.amazonaws.com/products/mitsubishi-l200-triton-outdoor-1.jpg");
INSERT INTO images (titulo, url)
VALUES ("Mitsubishi L200 Triton Outdoor - 2", "https://bucket-carshop-g4.s3.us-east-2.amazonaws.com/products/mitsubishi-l200-triton-outdoor-2.jpg");
INSERT INTO images (titulo, url)
VALUES ("Mitsubishi L200 Triton Outdoor - 3", "https://bucket-carshop-g4.s3.us-east-2.amazonaws.com/products/mitsubishi-l200-triton-outdoor-3.jpg");
INSERT INTO images (titulo, url)
VALUES ("Mitsubishi Pajero Sport - 1", "https://bucket-carshop-g4.s3.us-east-2.amazonaws.com/products/mitsubishi-pajero-sport-1.jpg");
INSERT INTO images (titulo, url)
VALUES ("Mitsubishi Pajero Sport - 2", "https://bucket-carshop-g4.s3.us-east-2.amazonaws.com/products/mitsubishi-pajero-sport-2.jpg");
INSERT INTO images (titulo, url)
VALUES ("Mitsubishi Pajero Sport - 3", "https://bucket-carshop-g4.s3.us-east-2.amazonaws.com/products/mitsubishi-pajero-sport-3.jpg");
INSERT INTO images (titulo, url)
VALUES ("Mitsubishi Pajero Sport - 4", "https://bucket-carshop-g4.s3.us-east-2.amazonaws.com/products/mitsubishi-pajero-sport-4.jpg");
INSERT INTO images (titulo, url)
VALUES ("Nissan Kicks - 1", "https://bucket-carshop-g4.s3.us-east-2.amazonaws.com/products/nissan-kicks-1.jpg");
INSERT INTO images (titulo, url)
VALUES ("Nissan Kicks - 2", "https://bucket-carshop-g4.s3.us-east-2.amazonaws.com/products/nissan-kicks-2.jpg");
INSERT INTO images (titulo, url)
VALUES ("Nissan Kicks - 3", "https://bucket-carshop-g4.s3.us-east-2.amazonaws.com/products/nissan-kicks-3.jpg");
INSERT INTO images (titulo, url)
VALUES ("Nissan Kicks - 4", "https://bucket-carshop-g4.s3.us-east-2.amazonaws.com/products/nissan-kicks-4.jpg");
INSERT INTO images (titulo, url)
VALUES ("Nissan Kicks - 5", "https://bucket-carshop-g4.s3.us-east-2.amazonaws.com/products/nissan-kicks-5.jpg");
INSERT INTO images (titulo, url)
VALUES ("Nissan Kicks - 6", "https://bucket-carshop-g4.s3.us-east-2.amazonaws.com/products/nissan-kicks-6.jpg");
INSERT INTO images (titulo, url)
VALUES ("Nissan Leaf - 1", "https://bucket-carshop-g4.s3.us-east-2.amazonaws.com/products/nissan-leaf-1.jpg");
INSERT INTO images (titulo, url)
VALUES ("Nissan Leaf - 2", "https://bucket-carshop-g4.s3.us-east-2.amazonaws.com/products/nissan-leaf-2.jpg");
INSERT INTO images (titulo, url)
VALUES ("Nissan Leaf - 3", "https://bucket-carshop-g4.s3.us-east-2.amazonaws.com/products/nissan-leaf-3.jpg");
INSERT INTO images (titulo, url)
VALUES ("Nissan Leaf - 4", "https://bucket-carshop-g4.s3.us-east-2.amazonaws.com/products/nissan-leaf-4.jpg");
INSERT INTO images (titulo, url)
VALUES ("Nissan Leaf - 5", "https://bucket-carshop-g4.s3.us-east-2.amazonaws.com/products/nissan-leaf-5.jpg");
INSERT INTO images (titulo, url)
VALUES ("Nissan Leaf - 6", "https://bucket-carshop-g4.s3.us-east-2.amazonaws.com/products/nissan-leaf-6.jpg");
INSERT INTO images (titulo, url)
VALUES ("Renault Sandero - 1", "https://bucket-carshop-g4.s3.us-east-2.amazonaws.com/products/renault-sandero-1.jpg");
INSERT INTO images (titulo, url)
VALUES ("Renault Sandero - 2", "https://bucket-carshop-g4.s3.us-east-2.amazonaws.com/products/renault-sandero-2.jpg");
INSERT INTO images (titulo, url)
VALUES ("Renault Sandero - 3", "https://bucket-carshop-g4.s3.us-east-2.amazonaws.com/products/renault-sandero-3.jpg");
INSERT INTO images (titulo, url)
VALUES ("Imagem ar condicionado", "https://bucket-carshop-g4.s3.us-east-2.amazonaws.com/features/ar-condicionado.png");
INSERT INTO images (titulo, url)
VALUES ("Imagem 2 lugares", "https://bucket-carshop-g4.s3.us-east-2.amazonaws.com/features/assentos.png");
INSERT INTO images (titulo, url)
VALUES ("Imagem 4 lugares", "https://bucket-carshop-g4.s3.us-east-2.amazonaws.com/features/assentos.png");
INSERT INTO images (titulo, url)
VALUES ("Imagem 5 lugares", "https://bucket-carshop-g4.s3.us-east-2.amazonaws.com/features/assentos.png");
INSERT INTO images (titulo, url)
VALUES ("Imagem 7 lugares", "https://bucket-carshop-g4.s3.us-east-2.amazonaws.com/features/assentos.png");
INSERT INTO images (titulo, url)
VALUES ("Imagem câmera de ré", "https://bucket-carshop-g4.s3.us-east-2.amazonaws.com/features/camera-re.png");
INSERT INTO images (titulo, url)
VALUES ("Imagem chave sem contato", "https://bucket-carshop-g4.s3.us-east-2.amazonaws.com/features/chave-contactless.png");
INSERT INTO images (titulo, url)
VALUES ("Imagem motor elétrico", "https://bucket-carshop-g4.s3.us-east-2.amazonaws.com/features/motor-eletrico.png");
INSERT INTO images (titulo, url)
VALUES ("Imagem multimídia", "https://bucket-carshop-g4.s3.us-east-2.amazonaws.com/features/multimidia.png");
INSERT INTO images (titulo, url)
VALUES ("Imagem 2 portas", "https://bucket-carshop-g4.s3.us-east-2.amazonaws.com/features/porta.png");
INSERT INTO images (titulo, url)
VALUES ("Imagem 4 portas", "https://bucket-carshop-g4.s3.us-east-2.amazonaws.com/features/porta.png");
INSERT INTO images (titulo, url)
VALUES ("Imagem sensor de colisão dianteira", "https://bucket-carshop-g4.s3.us-east-2.amazonaws.com/features/sensor-colisao-dianteira.png");
INSERT INTO images (titulo, url)
VALUES ("Imagem sensor de ponto cego", "https://bucket-carshop-g4.s3.us-east-2.amazonaws.com/features/sensor-ponto-cego.png");
INSERT INTO images (titulo, url)
VALUES ("Imagem sensores de proximidade", "https://bucket-carshop-g4.s3.us-east-2.amazonaws.com/features/sensores-proximidade.png");
INSERT INTO images (titulo, url)
VALUES ("Imagem transmissão automática", "https://bucket-carshop-g4.s3.us-east-2.amazonaws.com/features/transmissao-automatica.png");
INSERT INTO images (titulo, url)
VALUES ("Imagem transmissão manual", "https://bucket-carshop-g4.s3.us-east-2.amazonaws.com/features/transmissao-manual.png");
INSERT INTO images (titulo, url)
VALUES ("Imagem Wi-Fi", "https://bucket-carshop-g4.s3.us-east-2.amazonaws.com/features/wi-fi.png");
INSERT INTO images (titulo, url)
VALUES ("Imagem Categoria Econômico", "https://bucket-carshop-g4.s3.us-east-2.amazonaws.com/categories/economico.jpg");
INSERT INTO images (titulo, url)
VALUES ("Imagem Categoria Compacto", "https://bucket-carshop-g4.s3.us-east-2.amazonaws.com/categories/compacto.jpg");
INSERT INTO images (titulo, url)
VALUES ("Imagem Categoria Confort", "https://bucket-carshop-g4.s3.us-east-2.amazonaws.com/categories/confort.jpg");
INSERT INTO images (titulo, url)
VALUES ("Imagem Categoria Hatch", "https://bucket-carshop-g4.s3.us-east-2.amazonaws.com/categories/hatch.jpg");
INSERT INTO images (titulo, url)
VALUES ("Imagem Categoria Sedan", "https://bucket-carshop-g4.s3.us-east-2.amazonaws.com/categories/sedan.jpeg");
INSERT INTO images (titulo, url)
VALUES ("Imagem Categoria Pickup", "https://bucket-carshop-g4.s3.us-east-2.amazonaws.com/categories/pickup.jpg");
INSERT INTO images (titulo, url)
VALUES ("Imagem Categoria Elétrico", "https://bucket-carshop-g4.s3.us-east-2.amazonaws.com/categories/eletrico.jpg");
INSERT INTO images (titulo, url)
VALUES ("Imagem Categoria Minivan", "https://bucket-carshop-g4.s3.us-east-2.amazonaws.com/categories/minivan.jpg");
INSERT INTO images (titulo, url)
VALUES ("Imagem Categoria SUV", "https://bucket-carshop-g4.s3.us-east-2.amazonaws.com/categories/suv.jpg");

-- Cities
INSERT INTO cities (nome, estado)
VALUES ("Curitiba", "PR");
INSERT INTO cities (nome, estado)
VALUES ("São Caetano do Sul", "SP");
INSERT INTO cities (nome, estado)
VALUES ("São Luís", "MA");
INSERT INTO cities (nome, estado)
VALUES ("São Paulo", "SP");
INSERT INTO cities (nome, estado)
VALUES ("Sorocaba", "SP");
INSERT INTO cities (nome, estado)
VALUES ("Rio de Janeiro", "RJ");
INSERT INTO cities (nome, estado)
VALUES ("Belo Horizonte", "MG");
INSERT INTO cities (nome, estado)
VALUES ("Porto Alegre", "RS");
INSERT INTO cities (nome, estado)
VALUES ("Salvador", "BA");
INSERT INTO cities (nome, estado)
VALUES ("Recife", "PE");
INSERT INTO cities (nome, estado)
VALUES ("Brasília", "DF");
INSERT INTO cities (nome, estado)
VALUES ("Belém", "PA");

-- Products
INSERT INTO products (nome, descricao, id_cidade, valor_diaria)
VALUES ("Caoa Chery Arrizo 6", "O Arrizo 6 é o carro ideal para quem dirige seu próprio destino. O sedã médio com maior porta-malas da categoria também conta com muita tecnoligia e performance, com motor turbo, câmbio CVT de 9 velocidades, freio à disco nas 4 rodas, multimídia de 9'', comando de climatização a distância, câmera traseira, bancos com acabamento premium, freio eletrônico, auto hold, 6 airbags e muito mais.", 1, 128);
INSERT INTO products (nome, descricao, id_cidade, valor_diaria)
VALUES ("Caoa Chery iCar", "O iCar é o novo modelo 100% elétrico da CAOA Chery que traz uma experiência única de dirigir. O sistema regenerativo de energia recupera carga nas frenagens – o que permite uma maior autonomia. Seu sistema de carregamento é facilmente adaptável para tomadas 220v e leva menos de 05 horas uma carga completa.", 2, 145);
INSERT INTO products (nome, descricao, id_cidade, valor_diaria)
VALUES ("Caoa Chery Tiggo 7 Pro Hybrid", "O Tiggo 7 Pro Hybrid conta com o sistema Híbrido 48V, que está baseado na troca do alternador tradicional por um gerador capaz de gerar energia para carregar o sistema e fornecer torque e potência adicionais ao motor de combustão quando solicitado, auxiliando na movimentação do veículo.", 3, 202);
INSERT INTO products (nome, descricao, id_cidade, valor_diaria)
VALUES ("Caoa Chery Tiggo 8", "O Tiggo 8 conta com muita sofisticação e espaço interno. O SUV de 7 lugares conta com motor turbo, câmbio automático tipo joystick, carregador de celular wireless, teto solar panorâmico, 6 airbags, banco do motorista e passageiro com ajustes elétricos, ar condicionado dual zone, câmera 360º, painel digital de 12,3'', multimídia de 10,25'', comando de climatização a distância, bancos com acabamento premium, freio eletrônico, auto hold, monitoramento de ponto cego e muito mais.", 4, 202);
INSERT INTO products (nome, descricao, id_cidade, valor_diaria)
VALUES ("Chevrolet Bolt", "O Bolt EV é o novo veículo 100% elétrico da Chevrolet, com autonomia de até 416km, alerta de colisão frontal com frenagem automática de emergência, controle de tração, e alerta de mudança de faixa com alerta de ponto cego.", 5, 150);
INSERT INTO products (nome, descricao, id_cidade, valor_diaria)
VALUES ("Chevrolet Cruze", "O Cruze combina design ousado com tecnologia avançada. Experimente a potência do motor turbo, as inovações em segurança e a conectividade do Wi-fi nativo. Com certeza, o Cruze vai te surpreender.", 6, 140);
INSERT INTO products (nome, descricao, id_cidade, valor_diaria)
VALUES ("Chevrolet Cruze Premier", "O Cruze tem um visual marcante com rodas aro 17 e acabamento especial, lanternas em LED, grade frontal e parachoque mais esportivos. O interior premium com tom escurecido tem opções nas cores preto e caramelo. Dirigir o Cruze é uma experiência superior em todos os aspectos: estilo, conforto e sofisticação.", 7, 168);
INSERT INTO products (nome, descricao, id_cidade, valor_diaria)
VALUES ("Chevrolet Onix", "Esse hatch da Chevrolet vai surpreender você a cada novo percurso. Além de um design moderno, com rodas de liga leve de 16” e grande frontal com detalhes cromados, no Onix 2023, você chega a qualquer lugar, com muito estilo: com faróis dianteiros tipo projetor, luz de condução diurna em LED e lanternas em LED.", 8, 77);
INSERT INTO products (nome, descricao, id_cidade, valor_diaria)
VALUES ("Chevrolet S10", "A S10 Cabine Simples impressiona com o motor 2.8l turbo-diesel de alta performance com 200cv de potência. Feita pra superar qualquer desafio, ela tem controle eletrônico de tração 4x4, 51mfkg de torque e capacidade de carga para mais de uma tonelada.", 9, 239);
INSERT INTO products (nome, descricao, id_cidade, valor_diaria)
VALUES ("Chevrolet Spin", "O Spin combina estilo e espaço para se adaptar a todas as ocasiões da sua vida, seja uma viagem com os amigos ou no dia a dia na família. Além de um visual mais sofisticado e toda a segurança da Chevrolet, você conta com configurações inéditas e tecnologias inovadoras, que fazem dele a escolha mais completa do mercado.", 10, 103);
INSERT INTO products (nome, descricao, id_cidade, valor_diaria)
VALUES ("Chevrolet Tracker", "Dirigir o Chevrolet Tracker é tão confortável quanto estar em casa. Para isso, ele conta com diversas funções práticas e inteligentes, como os sistemas de partida sem chave, botão start stop, controlador de velocidade de cruzeiro, sensor de chuva e muito mais. Além de controles do rádio e telefone no volante e ar condicionado digital.", 11, 115);
INSERT INTO products (nome, descricao, id_cidade, valor_diaria)
VALUES ("Fiat 500e", "O Fiat 500e pode alcançar uma autonomia de até 460km, dependendo do modo de direção, condições de tráfego e temperatura externa. Em casos de uso mais intenso, essa autonomia pode ir até 270km. Ou seja, mais do que o suficiente para seus trajetos do dia a dia.", 12, 256);
INSERT INTO products (nome, descricao, id_cidade, valor_diaria)
VALUES ("Fiat Argo", "Longe do solo e perto da sua próxima aventura, o Fiat Argo está com um design ainda mais robusto e aventureiro. Sua grade frontal também ficou mais invocada e ganhou novidades como o detalhe da flag italiana e o novo logo Fiat.", 1, 77);
INSERT INTO products (nome, descricao, id_cidade, valor_diaria)
VALUES ("Fiat Cronos", "No Cronos, a sofisticação é tamanho família. Além de um interior espaçoso e um porta-malas com incríveis 525L, os detalhes externos cromados e a nova grade com a Fiat Flag dão mais requinte ao carro.", 4, 89);
INSERT INTO products (nome, descricao, id_cidade, valor_diaria)
VALUES ("Fiat Mobi", "Um verdadeiro desbravador das ruas, o Fiat Mobi possui um desgin jovem pensado para encarar as ruas e avenidas com muita presença e estilo.", 6, 65);
INSERT INTO products (nome, descricao, id_cidade, valor_diaria)
VALUES ("Fiat Mobi Trekking", "A qualidade do acabamento interno do Fiat Mobi é impecável. O volante ganhou o novo logo Fiat e os bancos receberam a estilização Trekking. O design da versão Trekking ficou mais moderno e robusto. Além da nova grade com logo Fiat e flag italiana, ele tem o exclusivo design bicolor e adesivos exclusivos.", 7, 68);
INSERT INTO products (nome, descricao, id_cidade, valor_diaria)
VALUES ("Fiat Pulse", "Sinta o seu coração pulsar mais forte quando os seus olhos encontrarem cada detalhe do autêntico design italiano do Fiat Pulse. Em um equilíbrio perfeito entre robustez e linhas marcantes, é impossível não se apaixonar por essa novidade bellissima.", 8, 131);
INSERT INTO products (nome, descricao, id_cidade, valor_diaria)
VALUES ("Fiat Strada", "Com o melhor volume de carga da categoria, a Strada é a solução perfeita para pessoas que buscam conforto e funcionalidade, através de uma caçamba que carrega 650kg e 1.354 litros de volume.", 10, 104);
INSERT INTO products (nome, descricao, id_cidade, valor_diaria)
VALUES ("Fiat Strada Cabine Dupla", "Com o melhor volume de carga da categoria, a Strada é a solução perfeita para pessoas que buscam conforto e funcionalidade, através de uma caçamba que carrega 600kg e 844 litros de volume.", 11, 123);
INSERT INTO products (nome, descricao, id_cidade, valor_diaria)
VALUES ("Fiat Toro", "De cara, você se encanta pelo novo capô. Depois, se apaixona pela nova grade superior, com o logo Fiat e o detalhe da Fiat Flag. Tudo desenhado de forma harmônica, equilibrando beleza e robustez. Não dá para negar: a frente da nova Fiat Toro ficou incrível.", 1, 143);
INSERT INTO products (nome, descricao, id_cidade, valor_diaria)
VALUES ("Ford Bronco Sport", "Novo Ford Bronco Sport, um SUV imbatível. Performance e capacidade off-road excepcionais, tecnologia, conectividade e segurança para superar todo tipo de desafio: dentro e fora de estrada.", 2, 266);
INSERT INTO products (nome, descricao, id_cidade, valor_diaria)
VALUES ("Ford Maverick", "A Nova Maverick entrega toda confiabilidade e robustez da família Raça Forte. Seu design externo é imponente e seu interior entrega muito espaço e conforto com acabamento diferenciado.", 3, 233);
INSERT INTO products (nome, descricao, id_cidade, valor_diaria)
VALUES ("Ford Ranger", "A Nova Ranger oferece um visual mais audacioso, novos acabamentos interiores e vem com recursos inovadores. O que não mudou é a sua variedade de versões e estilos de cabine para atender a todas as necessidades.", 4, 237);
INSERT INTO products (nome, descricao, id_cidade, valor_diaria)
VALUES ("Ford Territory", "No Ford Territory, você está cercado de tecnologia, que garante muito mais segurança e conforto na hora de dirigir. Vem com piloto automático adaptativo com Stop and Go, sistema de estacionamento automático, câmera 360° com Bird-Eye View e alerta de colisão com frenagem autônoma de emergência (AEB).", 5, 215);
INSERT INTO products (nome, descricao, id_cidade, valor_diaria)
VALUES ("Hyundai Creta", "A vida tem espaço pra mais. E a partir do CRETA Nova Geração, por onde você olhar, verá que ela sempre oferece mais. Seja pelo design único, a tecnologia de última geração, a sofisticação sem igual, a luxuosidade que supera expectativas ou o nível de segurança como você nunca viu. Esteja pronto para conhecer o SUV que elevará definitivamente os seus padrões a outro patamar. Porque a sua vida sempre pode ter espaço pra mais.", 6, 125);
INSERT INTO products (nome, descricao, id_cidade, valor_diaria)
VALUES ("Hyundai HB20", "O Novo Hyundai HB20 oferece a melhor tecnologia da Hyundai em termos de segurança avançada: o SmartSense é um conjunto de assistentes e de funções ativas de segurança que te dão mais tranquilidade e proteção ao dirigir.", 7, 80);
INSERT INTO products (nome, descricao, id_cidade, valor_diaria)
VALUES ("Hyundai HB20S", "O Design ousado do HB20S Nova Geração possui detalhes modernos como a nova grade frontal cascading com contorno cromado, o farol com projetor Light Guide de LED, as novas curvas de ponta a ponta e a exclusividade da categoria com o Sistema de Alerta e Frenagem Autônomo.", 8, 100);
INSERT INTO products (nome, descricao, id_cidade, valor_diaria)
VALUES ("Mitsubishi L200 Triton Outdoor", "Forte, robusta e agora com novo sobrenome. A L200 Triton Outdoor vem com o DNA 4x4 de série e traz todo o know-how que a Mitsubishi Motors tem no off-road: uma picape com excelente dirigibilidade, tecnologia, conforto e segurança, aliados a um conjunto equilibrado com a força e resistência que só um verdadeiro Mitsubishi oferece.", 9, 255);
INSERT INTO products (nome, descricao, id_cidade, valor_diaria)
VALUES ("Mitsubishi Pajero Sport", "Um SUV que veio para te reconectar com o mundo 4x4. Para o novo Pajero Sport o que antes era desafio, já virou conquista. Ele é a prova de que é possível unir toda história e tradição de uma lenda com novas tecnologias, capazes de levar sua experiência com um SUV ainda mais longe. Mitsubishi Pajero Sport. Um novo norte, uma nova lenda.", 10, 370);
INSERT INTO products (nome, descricao, id_cidade, valor_diaria)
VALUES ("Nissan Kicks", "A inconfundível personalidade do Novo Kicks gera atração imediata por suas linhas arrojadas, esportivas e sofisticadas. Vinda do Futurismo Japonês Atemporal, a linguagem do design atinge um equilíbrio perfeito entre forma e funcionalidade.", 11, 109);
INSERT INTO products (nome, descricao, id_cidade, valor_diaria)
VALUES ("Nissan Leaf", "O Nissan LEAF está equipado com alguns dos sistemas de assistência à direção mais avançados que existem; dessa forma, além de ser o carro pioneiro em eletrificação em massa, é o seu companheiro ideal para tornar todos os dias simplesmente incríveis.", 4, 294);
INSERT INTO products (nome, descricao, id_cidade, valor_diaria)
VALUES ("Renault Sandero", "O Sandero S Edition conta com o novo conjunto óptico DRL de LED, lanterna traseira com máscara negra, retrovisor externo na cor preta e novas rodas de aço. Por dentro, todo o conforto e espaço interno. Por fora, um design moderno com detalhes esportivos.​", 12, 83);

-- Images_Categories
INSERT INTO images_categories (id_categoria, id_imagem)
VALUES (1, 153);
INSERT INTO images_categories (id_categoria, id_imagem)
VALUES (2, 154);
INSERT INTO images_categories (id_categoria, id_imagem)
VALUES (3, 155);
INSERT INTO images_categories (id_categoria, id_imagem)
VALUES (4, 156);
INSERT INTO images_categories (id_categoria, id_imagem)
VALUES (5, 157);
INSERT INTO images_categories (id_categoria, id_imagem)
VALUES (6, 158);
INSERT INTO images_categories (id_categoria, id_imagem)
VALUES (7, 159);
INSERT INTO images_categories (id_categoria, id_imagem)
VALUES (8, 160);
INSERT INTO images_categories (id_categoria, id_imagem)
VALUES (9, 161);

-- Categories_Products
INSERT INTO categories_products (id_produto, id_categoria)
VALUES (1, 3);
INSERT INTO categories_products (id_produto, id_categoria)
VALUES (1, 5);
INSERT INTO categories_products (id_produto, id_categoria)
VALUES (2, 1);
INSERT INTO categories_products (id_produto, id_categoria)
VALUES (2, 2);
INSERT INTO categories_products (id_produto, id_categoria)
VALUES (2, 4);
INSERT INTO categories_products (id_produto, id_categoria)
VALUES (2, 7);
INSERT INTO categories_products (id_produto, id_categoria)
VALUES (3, 1);
INSERT INTO categories_products (id_produto, id_categoria)
VALUES (3, 3);
INSERT INTO categories_products (id_produto, id_categoria)
VALUES (3, 9);
INSERT INTO categories_products (id_produto, id_categoria)
VALUES (4, 3);
INSERT INTO categories_products (id_produto, id_categoria)
VALUES (4, 8);
INSERT INTO categories_products (id_produto, id_categoria)
VALUES (4, 9);
INSERT INTO categories_products (id_produto, id_categoria)
VALUES (5, 1);
INSERT INTO categories_products (id_produto, id_categoria)
VALUES (5, 2);
INSERT INTO categories_products (id_produto, id_categoria)
VALUES (5, 4);
INSERT INTO categories_products (id_produto, id_categoria)
VALUES (5, 7);
INSERT INTO categories_products (id_produto, id_categoria)
VALUES (6, 3);
INSERT INTO categories_products (id_produto, id_categoria)
VALUES (6, 5);
INSERT INTO categories_products (id_produto, id_categoria)
VALUES (7, 3);
INSERT INTO categories_products (id_produto, id_categoria)
VALUES (7, 5);
INSERT INTO categories_products (id_produto, id_categoria)
VALUES (8, 1);
INSERT INTO categories_products (id_produto, id_categoria)
VALUES (8, 2);
INSERT INTO categories_products (id_produto, id_categoria)
VALUES (8, 4);
INSERT INTO categories_products (id_produto, id_categoria)
VALUES (9, 6);
INSERT INTO categories_products (id_produto, id_categoria)
VALUES (10, 3);
INSERT INTO categories_products (id_produto, id_categoria)
VALUES (10, 8);
INSERT INTO categories_products (id_produto, id_categoria)
VALUES (11, 1);
INSERT INTO categories_products (id_produto, id_categoria)
VALUES (11, 3);
INSERT INTO categories_products (id_produto, id_categoria)
VALUES (11, 9);
INSERT INTO categories_products (id_produto, id_categoria)
VALUES (12, 1);
INSERT INTO categories_products (id_produto, id_categoria)
VALUES (12, 2);
INSERT INTO categories_products (id_produto, id_categoria)
VALUES (12, 4);
INSERT INTO categories_products (id_produto, id_categoria)
VALUES (12, 7);
INSERT INTO categories_products (id_produto, id_categoria)
VALUES (13, 1);
INSERT INTO categories_products (id_produto, id_categoria)
VALUES (13, 2);
INSERT INTO categories_products (id_produto, id_categoria)
VALUES (13, 4);
INSERT INTO categories_products (id_produto, id_categoria)
VALUES (14, 1);
INSERT INTO categories_products (id_produto, id_categoria)
VALUES (14, 5);
INSERT INTO categories_products (id_produto, id_categoria)
VALUES (15, 1);
INSERT INTO categories_products (id_produto, id_categoria)
VALUES (15, 2);
INSERT INTO categories_products (id_produto, id_categoria)
VALUES (15, 4);
INSERT INTO categories_products (id_produto, id_categoria)
VALUES (16, 1);
INSERT INTO categories_products (id_produto, id_categoria)
VALUES (16, 2);
INSERT INTO categories_products (id_produto, id_categoria)
VALUES (16, 4);
INSERT INTO categories_products (id_produto, id_categoria)
VALUES (17, 1);
INSERT INTO categories_products (id_produto, id_categoria)
VALUES (17, 3);
INSERT INTO categories_products (id_produto, id_categoria)
VALUES (17, 9);
INSERT INTO categories_products (id_produto, id_categoria)
VALUES (18, 1);
INSERT INTO categories_products (id_produto, id_categoria)
VALUES (18, 6);
INSERT INTO categories_products (id_produto, id_categoria)
VALUES (19, 1);
INSERT INTO categories_products (id_produto, id_categoria)
VALUES (19, 6);
INSERT INTO categories_products (id_produto, id_categoria)
VALUES (20, 6);
INSERT INTO categories_products (id_produto, id_categoria)
VALUES (21, 3);
INSERT INTO categories_products (id_produto, id_categoria)
VALUES (21, 9);
INSERT INTO categories_products (id_produto, id_categoria)
VALUES (22, 6);
INSERT INTO categories_products (id_produto, id_categoria)
VALUES (23, 6);
INSERT INTO categories_products (id_produto, id_categoria)
VALUES (24, 1);
INSERT INTO categories_products (id_produto, id_categoria)
VALUES (24, 3);
INSERT INTO categories_products (id_produto, id_categoria)
VALUES (24, 9);
INSERT INTO categories_products (id_produto, id_categoria)
VALUES (25, 3);
INSERT INTO categories_products (id_produto, id_categoria)
VALUES (25, 9);
INSERT INTO categories_products (id_produto, id_categoria)
VALUES (26, 1);
INSERT INTO categories_products (id_produto, id_categoria)
VALUES (26, 4);
INSERT INTO categories_products (id_produto, id_categoria)
VALUES (27, 1);
INSERT INTO categories_products (id_produto, id_categoria)
VALUES (27, 5);
INSERT INTO categories_products (id_produto, id_categoria)
VALUES (28, 6);
INSERT INTO categories_products (id_produto, id_categoria)
VALUES (29, 3);
INSERT INTO categories_products (id_produto, id_categoria)
VALUES (29, 8);
INSERT INTO categories_products (id_produto, id_categoria)
VALUES (29, 9);
INSERT INTO categories_products (id_produto, id_categoria)
VALUES (30, 3);
INSERT INTO categories_products (id_produto, id_categoria)
VALUES (30, 9);
INSERT INTO categories_products (id_produto, id_categoria)
VALUES (31, 1);
INSERT INTO categories_products (id_produto, id_categoria)
VALUES (31, 2);
INSERT INTO categories_products (id_produto, id_categoria)
VALUES (31, 4);
INSERT INTO categories_products (id_produto, id_categoria)
VALUES (31, 7);
INSERT INTO categories_products (id_produto, id_categoria)
VALUES (32, 3);
INSERT INTO categories_products (id_produto, id_categoria)
VALUES (32, 4);

-- Images_Products
INSERT INTO images_products (id_produto, id_imagem)
VALUES (1, 1);
INSERT INTO images_products (id_produto, id_imagem)
VALUES (1, 2);
INSERT INTO images_products (id_produto, id_imagem)
VALUES (1, 3);
INSERT INTO images_products (id_produto, id_imagem)
VALUES (2, 4);
INSERT INTO images_products (id_produto, id_imagem)
VALUES (2, 5);
INSERT INTO images_products (id_produto, id_imagem)
VALUES (2, 6);
INSERT INTO images_products (id_produto, id_imagem)
VALUES (2, 7);
INSERT INTO images_products (id_produto, id_imagem)
VALUES (3, 8);
INSERT INTO images_products (id_produto, id_imagem)
VALUES (3, 9);
INSERT INTO images_products (id_produto, id_imagem)
VALUES (3, 10);
INSERT INTO images_products (id_produto, id_imagem)
VALUES (4, 11);
INSERT INTO images_products (id_produto, id_imagem)
VALUES (4, 12);
INSERT INTO images_products (id_produto, id_imagem)
VALUES (4, 13);
INSERT INTO images_products (id_produto, id_imagem)
VALUES (4, 14);
INSERT INTO images_products (id_produto, id_imagem)
VALUES (4, 15);
INSERT INTO images_products (id_produto, id_imagem)
VALUES (4, 16);
INSERT INTO images_products (id_produto, id_imagem)
VALUES (5, 17);
INSERT INTO images_products (id_produto, id_imagem)
VALUES (5, 18);
INSERT INTO images_products (id_produto, id_imagem)
VALUES (5, 19);
INSERT INTO images_products (id_produto, id_imagem)
VALUES (5, 20);
INSERT INTO images_products (id_produto, id_imagem)
VALUES (5, 21);
INSERT INTO images_products (id_produto, id_imagem)
VALUES (5, 22);
INSERT INTO images_products (id_produto, id_imagem)
VALUES (6, 23);
INSERT INTO images_products (id_produto, id_imagem)
VALUES (6, 24);
INSERT INTO images_products (id_produto, id_imagem)
VALUES (6, 25);
INSERT INTO images_products (id_produto, id_imagem)
VALUES (6, 26);
INSERT INTO images_products (id_produto, id_imagem)
VALUES (6, 27);
INSERT INTO images_products (id_produto, id_imagem)
VALUES (6, 28);
INSERT INTO images_products (id_produto, id_imagem)
VALUES (7, 29);
INSERT INTO images_products (id_produto, id_imagem)
VALUES (7, 30);
INSERT INTO images_products (id_produto, id_imagem)
VALUES (7, 31);
INSERT INTO images_products (id_produto, id_imagem)
VALUES (7, 32);
INSERT INTO images_products (id_produto, id_imagem)
VALUES (7, 33);
INSERT INTO images_products (id_produto, id_imagem)
VALUES (7, 34);
INSERT INTO images_products (id_produto, id_imagem)
VALUES (8, 35);
INSERT INTO images_products (id_produto, id_imagem)
VALUES (8, 36);
INSERT INTO images_products (id_produto, id_imagem)
VALUES (8, 37);
INSERT INTO images_products (id_produto, id_imagem)
VALUES (8, 38);
INSERT INTO images_products (id_produto, id_imagem)
VALUES (8, 39);
INSERT INTO images_products (id_produto, id_imagem)
VALUES (9, 40);
INSERT INTO images_products (id_produto, id_imagem)
VALUES (9, 41);
INSERT INTO images_products (id_produto, id_imagem)
VALUES (9, 42);
INSERT INTO images_products (id_produto, id_imagem)
VALUES (9, 43);
INSERT INTO images_products (id_produto, id_imagem)
VALUES (9, 44);
INSERT INTO images_products (id_produto, id_imagem)
VALUES (9, 45);
INSERT INTO images_products (id_produto, id_imagem)
VALUES (10, 46);
INSERT INTO images_products (id_produto, id_imagem)
VALUES (10, 47);
INSERT INTO images_products (id_produto, id_imagem)
VALUES (10, 48);
INSERT INTO images_products (id_produto, id_imagem)
VALUES (10, 49);
INSERT INTO images_products (id_produto, id_imagem)
VALUES (10, 50);
INSERT INTO images_products (id_produto, id_imagem)
VALUES (11, 51);
INSERT INTO images_products (id_produto, id_imagem)
VALUES (11, 52);
INSERT INTO images_products (id_produto, id_imagem)
VALUES (11, 53);
INSERT INTO images_products (id_produto, id_imagem)
VALUES (11, 54);
INSERT INTO images_products (id_produto, id_imagem)
VALUES (11, 55);
INSERT INTO images_products (id_produto, id_imagem)
VALUES (12, 56);
INSERT INTO images_products (id_produto, id_imagem)
VALUES (12, 57);
INSERT INTO images_products (id_produto, id_imagem)
VALUES (12, 58);
INSERT INTO images_products (id_produto, id_imagem)
VALUES (13, 59);
INSERT INTO images_products (id_produto, id_imagem)
VALUES (13, 60);
INSERT INTO images_products (id_produto, id_imagem)
VALUES (14, 61);
INSERT INTO images_products (id_produto, id_imagem)
VALUES (14, 62);
INSERT INTO images_products (id_produto, id_imagem)
VALUES (15, 63);
INSERT INTO images_products (id_produto, id_imagem)
VALUES (15, 64);
INSERT INTO images_products (id_produto, id_imagem)
VALUES (16, 65);
INSERT INTO images_products (id_produto, id_imagem)
VALUES (16, 66);
INSERT INTO images_products (id_produto, id_imagem)
VALUES (17, 67);
INSERT INTO images_products (id_produto, id_imagem)
VALUES (17, 68);
INSERT INTO images_products (id_produto, id_imagem)
VALUES (17, 69);
INSERT INTO images_products (id_produto, id_imagem)
VALUES (18, 70);
INSERT INTO images_products (id_produto, id_imagem)
VALUES (18, 71);
INSERT INTO images_products (id_produto, id_imagem)
VALUES (19, 72);
INSERT INTO images_products (id_produto, id_imagem)
VALUES (19, 73);
INSERT INTO images_products (id_produto, id_imagem)
VALUES (19, 74);
INSERT INTO images_products (id_produto, id_imagem)
VALUES (19, 75);
INSERT INTO images_products (id_produto, id_imagem)
VALUES (20, 76);
INSERT INTO images_products (id_produto, id_imagem)
VALUES (20, 77);
INSERT INTO images_products (id_produto, id_imagem)
VALUES (20, 78);
INSERT INTO images_products (id_produto, id_imagem)
VALUES (20, 79);
INSERT INTO images_products (id_produto, id_imagem)
VALUES (21, 80);
INSERT INTO images_products (id_produto, id_imagem)
VALUES (21, 81);
INSERT INTO images_products (id_produto, id_imagem)
VALUES (21, 82);
INSERT INTO images_products (id_produto, id_imagem)
VALUES (21, 83);
INSERT INTO images_products (id_produto, id_imagem)
VALUES (22, 84);
INSERT INTO images_products (id_produto, id_imagem)
VALUES (22, 85);
INSERT INTO images_products (id_produto, id_imagem)
VALUES (22, 86);
INSERT INTO images_products (id_produto, id_imagem)
VALUES (22, 87);
INSERT INTO images_products (id_produto, id_imagem)
VALUES (23, 88);
INSERT INTO images_products (id_produto, id_imagem)
VALUES (23, 89);
INSERT INTO images_products (id_produto, id_imagem)
VALUES (23, 90);
INSERT INTO images_products (id_produto, id_imagem)
VALUES (23, 91);
INSERT INTO images_products (id_produto, id_imagem)
VALUES (24, 92);
INSERT INTO images_products (id_produto, id_imagem)
VALUES (24, 93);
INSERT INTO images_products (id_produto, id_imagem)
VALUES (24, 94);
INSERT INTO images_products (id_produto, id_imagem)
VALUES (24, 95);
INSERT INTO images_products (id_produto, id_imagem)
VALUES (25, 96);
INSERT INTO images_products (id_produto, id_imagem)
VALUES (25, 97);
INSERT INTO images_products (id_produto, id_imagem)
VALUES (25, 98);
INSERT INTO images_products (id_produto, id_imagem)
VALUES (25, 99);
INSERT INTO images_products (id_produto, id_imagem)
VALUES (25, 100);
INSERT INTO images_products (id_produto, id_imagem)
VALUES (25, 101);
INSERT INTO images_products (id_produto, id_imagem)
VALUES (26, 102);
INSERT INTO images_products (id_produto, id_imagem)
VALUES (26, 103);
INSERT INTO images_products (id_produto, id_imagem)
VALUES (26, 104);
INSERT INTO images_products (id_produto, id_imagem)
VALUES (26, 105);
INSERT INTO images_products (id_produto, id_imagem)
VALUES (26, 106);
INSERT INTO images_products (id_produto, id_imagem)
VALUES (26, 107);
INSERT INTO images_products (id_produto, id_imagem)
VALUES (27, 108);
INSERT INTO images_products (id_produto, id_imagem)
VALUES (27, 109);
INSERT INTO images_products (id_produto, id_imagem)
VALUES (27, 110);
INSERT INTO images_products (id_produto, id_imagem)
VALUES (27, 111);
INSERT INTO images_products (id_produto, id_imagem)
VALUES (27, 112);
INSERT INTO images_products (id_produto, id_imagem)
VALUES (27, 113);
INSERT INTO images_products (id_produto, id_imagem)
VALUES (28, 114);
INSERT INTO images_products (id_produto, id_imagem)
VALUES (28, 115);
INSERT INTO images_products (id_produto, id_imagem)
VALUES (28, 116);
INSERT INTO images_products (id_produto, id_imagem)
VALUES (29, 117);
INSERT INTO images_products (id_produto, id_imagem)
VALUES (29, 118);
INSERT INTO images_products (id_produto, id_imagem)
VALUES (29, 119);
INSERT INTO images_products (id_produto, id_imagem)
VALUES (29, 120);
INSERT INTO images_products (id_produto, id_imagem)
VALUES (30, 121);
INSERT INTO images_products (id_produto, id_imagem)
VALUES (30, 122);
INSERT INTO images_products (id_produto, id_imagem)
VALUES (30, 123);
INSERT INTO images_products (id_produto, id_imagem)
VALUES (30, 124);
INSERT INTO images_products (id_produto, id_imagem)
VALUES (30, 125);
INSERT INTO images_products (id_produto, id_imagem)
VALUES (30, 126);
INSERT INTO images_products (id_produto, id_imagem)
VALUES (31, 127);
INSERT INTO images_products (id_produto, id_imagem)
VALUES (31, 128);
INSERT INTO images_products (id_produto, id_imagem)
VALUES (31, 129);
INSERT INTO images_products (id_produto, id_imagem)
VALUES (31, 130);
INSERT INTO images_products (id_produto, id_imagem)
VALUES (31, 131);
INSERT INTO images_products (id_produto, id_imagem)
VALUES (31, 132);
INSERT INTO images_products (id_produto, id_imagem)
VALUES (32, 133);
INSERT INTO images_products (id_produto, id_imagem)
VALUES (32, 134);
INSERT INTO images_products (id_produto, id_imagem)
VALUES (32, 135);

-- Features
INSERT INTO features (nome)
VALUES ("Ar condicionado");
INSERT INTO features (nome)
VALUES ("2 lugares");
INSERT INTO features (nome)
VALUES ("4 lugares");
INSERT INTO features (nome)
VALUES ("5 lugares");
INSERT INTO features (nome)
VALUES ("7 lugares");
INSERT INTO features (nome)
VALUES ("Câmera de ré");
INSERT INTO features (nome)
VALUES ("Chave sem contato");
INSERT INTO features (nome)
VALUES ("Motor elétrico");
INSERT INTO features (nome)
VALUES ("Multimídia");
INSERT INTO features (nome)
VALUES ("2 portas");
INSERT INTO features (nome)
VALUES ("4 portas");
INSERT INTO features (nome)
VALUES ("Sensor de colisão dianteira");
INSERT INTO features (nome)
VALUES ("Sensor de ponto cego");
INSERT INTO features (nome)
VALUES ("Sensores de proximidade");
INSERT INTO features (nome)
VALUES ("Transmissão automática");
INSERT INTO features (nome)
VALUES ("Transmissão manual");
INSERT INTO features (nome)
VALUES ("Wi-Fi");

-- Images_Features
INSERT INTO images_features (id_caracteristica, id_imagem)
VALUES (1, 136);
INSERT INTO images_features (id_caracteristica, id_imagem)
VALUES (2, 137);
INSERT INTO images_features (id_caracteristica, id_imagem)
VALUES (3, 138);
INSERT INTO images_features (id_caracteristica, id_imagem)
VALUES (4, 139);
INSERT INTO images_features (id_caracteristica, id_imagem)
VALUES (5, 140);
INSERT INTO images_features (id_caracteristica, id_imagem)
VALUES (6, 141);
INSERT INTO images_features (id_caracteristica, id_imagem)
VALUES (7, 142);
INSERT INTO images_features (id_caracteristica, id_imagem)
VALUES (8, 143);
INSERT INTO images_features (id_caracteristica, id_imagem)
VALUES (9, 144);
INSERT INTO images_features (id_caracteristica, id_imagem)
VALUES (10, 145);
INSERT INTO images_features (id_caracteristica, id_imagem)
VALUES (11, 146);
INSERT INTO images_features (id_caracteristica, id_imagem)
VALUES (12, 147);
INSERT INTO images_features (id_caracteristica, id_imagem)
VALUES (13, 148);
INSERT INTO images_features (id_caracteristica, id_imagem)
VALUES (14, 149);
INSERT INTO images_features (id_caracteristica, id_imagem)
VALUES (15, 150);
INSERT INTO images_features (id_caracteristica, id_imagem)
VALUES (16, 151);
INSERT INTO images_features (id_caracteristica, id_imagem)
VALUES (17, 152);

-- Features_Products
INSERT INTO features_products (id_produto, id_caracteristica)
VALUES (1, 1);
INSERT INTO features_products (id_produto, id_caracteristica)
VALUES (1, 4);
INSERT INTO features_products (id_produto, id_caracteristica)
VALUES (1, 6);
INSERT INTO features_products (id_produto, id_caracteristica)
VALUES (1, 7);
INSERT INTO features_products (id_produto, id_caracteristica)
VALUES (1, 9);
INSERT INTO features_products (id_produto, id_caracteristica)
VALUES (1, 11);
INSERT INTO features_products (id_produto, id_caracteristica)
VALUES (1, 14);
INSERT INTO features_products (id_produto, id_caracteristica)
VALUES (1, 15);
INSERT INTO features_products (id_produto, id_caracteristica)
VALUES (2, 1);
INSERT INTO features_products (id_produto, id_caracteristica)
VALUES (2, 3);
INSERT INTO features_products (id_produto, id_caracteristica)
VALUES (2, 6);
INSERT INTO features_products (id_produto, id_caracteristica)
VALUES (2, 7);
INSERT INTO features_products (id_produto, id_caracteristica)
VALUES (2, 8);
INSERT INTO features_products (id_produto, id_caracteristica)
VALUES (2, 9);
INSERT INTO features_products (id_produto, id_caracteristica)
VALUES (2, 10);
INSERT INTO features_products (id_produto, id_caracteristica)
VALUES (2, 14);
INSERT INTO features_products (id_produto, id_caracteristica)
VALUES (2, 15);
INSERT INTO features_products (id_produto, id_caracteristica)
VALUES (3, 1);
INSERT INTO features_products (id_produto, id_caracteristica)
VALUES (3, 4);
INSERT INTO features_products (id_produto, id_caracteristica)
VALUES (3, 6);
INSERT INTO features_products (id_produto, id_caracteristica)
VALUES (3, 7);
INSERT INTO features_products (id_produto, id_caracteristica)
VALUES (3, 9);
INSERT INTO features_products (id_produto, id_caracteristica)
VALUES (3, 11);
INSERT INTO features_products (id_produto, id_caracteristica)
VALUES (3, 13);
INSERT INTO features_products (id_produto, id_caracteristica)
VALUES (3, 14);
INSERT INTO features_products (id_produto, id_caracteristica)
VALUES (3, 15);
INSERT INTO features_products (id_produto, id_caracteristica)
VALUES (4, 1);
INSERT INTO features_products (id_produto, id_caracteristica)
VALUES (4, 5);
INSERT INTO features_products (id_produto, id_caracteristica)
VALUES (4, 6);
INSERT INTO features_products (id_produto, id_caracteristica)
VALUES (4, 7);
INSERT INTO features_products (id_produto, id_caracteristica)
VALUES (4, 9);
INSERT INTO features_products (id_produto, id_caracteristica)
VALUES (4, 11);
INSERT INTO features_products (id_produto, id_caracteristica)
VALUES (4, 14);
INSERT INTO features_products (id_produto, id_caracteristica)
VALUES (4, 15);
INSERT INTO features_products (id_produto, id_caracteristica)
VALUES (5, 1);
INSERT INTO features_products (id_produto, id_caracteristica)
VALUES (5, 4);
INSERT INTO features_products (id_produto, id_caracteristica)
VALUES (5, 6);
INSERT INTO features_products (id_produto, id_caracteristica)
VALUES (5, 7);
INSERT INTO features_products (id_produto, id_caracteristica)
VALUES (5, 8);
INSERT INTO features_products (id_produto, id_caracteristica)
VALUES (5, 9);
INSERT INTO features_products (id_produto, id_caracteristica)
VALUES (5, 11);
INSERT INTO features_products (id_produto, id_caracteristica)
VALUES (5, 12);
INSERT INTO features_products (id_produto, id_caracteristica)
VALUES (5, 13);
INSERT INTO features_products (id_produto, id_caracteristica)
VALUES (5, 14);
INSERT INTO features_products (id_produto, id_caracteristica)
VALUES (5, 15);
INSERT INTO features_products (id_produto, id_caracteristica)
VALUES (6, 1);
INSERT INTO features_products (id_produto, id_caracteristica)
VALUES (6, 4);
INSERT INTO features_products (id_produto, id_caracteristica)
VALUES (6, 6);
INSERT INTO features_products (id_produto, id_caracteristica)
VALUES (6, 7);
INSERT INTO features_products (id_produto, id_caracteristica)
VALUES (6, 9);
INSERT INTO features_products (id_produto, id_caracteristica)
VALUES (6, 11);
INSERT INTO features_products (id_produto, id_caracteristica)
VALUES (6, 13);
INSERT INTO features_products (id_produto, id_caracteristica)
VALUES (6, 14);
INSERT INTO features_products (id_produto, id_caracteristica)
VALUES (6, 15);
INSERT INTO features_products (id_produto, id_caracteristica)
VALUES (6, 17);
INSERT INTO features_products (id_produto, id_caracteristica)
VALUES (7, 1);
INSERT INTO features_products (id_produto, id_caracteristica)
VALUES (7, 4);
INSERT INTO features_products (id_produto, id_caracteristica)
VALUES (7, 6);
INSERT INTO features_products (id_produto, id_caracteristica)
VALUES (7, 7);
INSERT INTO features_products (id_produto, id_caracteristica)
VALUES (7, 9);
INSERT INTO features_products (id_produto, id_caracteristica)
VALUES (7, 11);
INSERT INTO features_products (id_produto, id_caracteristica)
VALUES (7, 12);
INSERT INTO features_products (id_produto, id_caracteristica)
VALUES (7, 13);
INSERT INTO features_products (id_produto, id_caracteristica)
VALUES (7, 14);
INSERT INTO features_products (id_produto, id_caracteristica)
VALUES (7, 15);
INSERT INTO features_products (id_produto, id_caracteristica)
VALUES (7, 17);
INSERT INTO features_products (id_produto, id_caracteristica)
VALUES (8, 1);
INSERT INTO features_products (id_produto, id_caracteristica)
VALUES (8, 4);
INSERT INTO features_products (id_produto, id_caracteristica)
VALUES (8, 7);
INSERT INTO features_products (id_produto, id_caracteristica)
VALUES (8, 9);
INSERT INTO features_products (id_produto, id_caracteristica)
VALUES (8, 11);
INSERT INTO features_products (id_produto, id_caracteristica)
VALUES (8, 13);
INSERT INTO features_products (id_produto, id_caracteristica)
VALUES (8, 16);
INSERT INTO features_products (id_produto, id_caracteristica)
VALUES (9, 1);
INSERT INTO features_products (id_produto, id_caracteristica)
VALUES (9, 2);
INSERT INTO features_products (id_produto, id_caracteristica)
VALUES (9, 10);
INSERT INTO features_products (id_produto, id_caracteristica)
VALUES (9, 16);
INSERT INTO features_products (id_produto, id_caracteristica)
VALUES (10, 1);
INSERT INTO features_products (id_produto, id_caracteristica)
VALUES (10, 5);
INSERT INTO features_products (id_produto, id_caracteristica)
VALUES (10, 6);
INSERT INTO features_products (id_produto, id_caracteristica)
VALUES (10, 9);
INSERT INTO features_products (id_produto, id_caracteristica)
VALUES (10, 11);
INSERT INTO features_products (id_produto, id_caracteristica)
VALUES (10, 14);
INSERT INTO features_products (id_produto, id_caracteristica)
VALUES (10, 15);
INSERT INTO features_products (id_produto, id_caracteristica)
VALUES (11, 1);
INSERT INTO features_products (id_produto, id_caracteristica)
VALUES (11, 4);
INSERT INTO features_products (id_produto, id_caracteristica)
VALUES (11, 6);
INSERT INTO features_products (id_produto, id_caracteristica)
VALUES (11, 7);
INSERT INTO features_products (id_produto, id_caracteristica)
VALUES (11, 9);
INSERT INTO features_products (id_produto, id_caracteristica)
VALUES (11, 11);
INSERT INTO features_products (id_produto, id_caracteristica)
VALUES (11, 12);
INSERT INTO features_products (id_produto, id_caracteristica)
VALUES (11, 13);
INSERT INTO features_products (id_produto, id_caracteristica)
VALUES (11, 14);
INSERT INTO features_products (id_produto, id_caracteristica)
VALUES (11, 15);
INSERT INTO features_products (id_produto, id_caracteristica)
VALUES (11, 17);
INSERT INTO features_products (id_produto, id_caracteristica)
VALUES (12, 1);
INSERT INTO features_products (id_produto, id_caracteristica)
VALUES (12, 3);
INSERT INTO features_products (id_produto, id_caracteristica)
VALUES (12, 6);
INSERT INTO features_products (id_produto, id_caracteristica)
VALUES (12, 7);
INSERT INTO features_products (id_produto, id_caracteristica)
VALUES (12, 8);
INSERT INTO features_products (id_produto, id_caracteristica)
VALUES (12, 9);
INSERT INTO features_products (id_produto, id_caracteristica)
VALUES (12, 10);
INSERT INTO features_products (id_produto, id_caracteristica)
VALUES (12, 14);
INSERT INTO features_products (id_produto, id_caracteristica)
VALUES (12, 15);
INSERT INTO features_products (id_produto, id_caracteristica)
VALUES (13, 1);
INSERT INTO features_products (id_produto, id_caracteristica)
VALUES (13, 4);
INSERT INTO features_products (id_produto, id_caracteristica)
VALUES (13, 6);
INSERT INTO features_products (id_produto, id_caracteristica)
VALUES (13, 7);
INSERT INTO features_products (id_produto, id_caracteristica)
VALUES (13, 9);
INSERT INTO features_products (id_produto, id_caracteristica)
VALUES (13, 11);
INSERT INTO features_products (id_produto, id_caracteristica)
VALUES (13, 14);
INSERT INTO features_products (id_produto, id_caracteristica)
VALUES (13, 15);
INSERT INTO features_products (id_produto, id_caracteristica)
VALUES (14, 1);
INSERT INTO features_products (id_produto, id_caracteristica)
VALUES (14, 4);
INSERT INTO features_products (id_produto, id_caracteristica)
VALUES (14, 6);
INSERT INTO features_products (id_produto, id_caracteristica)
VALUES (14, 7);
INSERT INTO features_products (id_produto, id_caracteristica)
VALUES (14, 9);
INSERT INTO features_products (id_produto, id_caracteristica)
VALUES (14, 11);
INSERT INTO features_products (id_produto, id_caracteristica)
VALUES (14, 14);
INSERT INTO features_products (id_produto, id_caracteristica)
VALUES (14, 16);
INSERT INTO features_products (id_produto, id_caracteristica)
VALUES (15, 1);
INSERT INTO features_products (id_produto, id_caracteristica)
VALUES (15, 4);
INSERT INTO features_products (id_produto, id_caracteristica)
VALUES (15, 11);
INSERT INTO features_products (id_produto, id_caracteristica)
VALUES (15, 16);
INSERT INTO features_products (id_produto, id_caracteristica)
VALUES (16, 1);
INSERT INTO features_products (id_produto, id_caracteristica)
VALUES (16, 4);
INSERT INTO features_products (id_produto, id_caracteristica)
VALUES (16, 9);
INSERT INTO features_products (id_produto, id_caracteristica)
VALUES (16, 11);
INSERT INTO features_products (id_produto, id_caracteristica)
VALUES (16, 16);
INSERT INTO features_products (id_produto, id_caracteristica)
VALUES (17, 1);
INSERT INTO features_products (id_produto, id_caracteristica)
VALUES (17, 4);
INSERT INTO features_products (id_produto, id_caracteristica)
VALUES (17, 7);
INSERT INTO features_products (id_produto, id_caracteristica)
VALUES (17, 9);
INSERT INTO features_products (id_produto, id_caracteristica)
VALUES (17, 11);
INSERT INTO features_products (id_produto, id_caracteristica)
VALUES (17, 12);
INSERT INTO features_products (id_produto, id_caracteristica)
VALUES (17, 14);
INSERT INTO features_products (id_produto, id_caracteristica)
VALUES (17, 15);
INSERT INTO features_products (id_produto, id_caracteristica)
VALUES (17, 17);
INSERT INTO features_products (id_produto, id_caracteristica)
VALUES (18, 1);
INSERT INTO features_products (id_produto, id_caracteristica)
VALUES (18, 2);
INSERT INTO features_products (id_produto, id_caracteristica)
VALUES (18, 10);
INSERT INTO features_products (id_produto, id_caracteristica)
VALUES (18, 16);
INSERT INTO features_products (id_produto, id_caracteristica)
VALUES (19, 1);
INSERT INTO features_products (id_produto, id_caracteristica)
VALUES (19, 4);
INSERT INTO features_products (id_produto, id_caracteristica)
VALUES (19, 6);
INSERT INTO features_products (id_produto, id_caracteristica)
VALUES (19, 9);
INSERT INTO features_products (id_produto, id_caracteristica)
VALUES (19, 11);
INSERT INTO features_products (id_produto, id_caracteristica)
VALUES (19, 14);
INSERT INTO features_products (id_produto, id_caracteristica)
VALUES (19, 16);
INSERT INTO features_products (id_produto, id_caracteristica)
VALUES (20, 1);
INSERT INTO features_products (id_produto, id_caracteristica)
VALUES (20, 4);
INSERT INTO features_products (id_produto, id_caracteristica)
VALUES (20, 9);
INSERT INTO features_products (id_produto, id_caracteristica)
VALUES (20, 11);
INSERT INTO features_products (id_produto, id_caracteristica)
VALUES (20, 12);
INSERT INTO features_products (id_produto, id_caracteristica)
VALUES (20, 14);
INSERT INTO features_products (id_produto, id_caracteristica)
VALUES (20, 15);
INSERT INTO features_products (id_produto, id_caracteristica)
VALUES (21, 1);
INSERT INTO features_products (id_produto, id_caracteristica)
VALUES (21, 4);
INSERT INTO features_products (id_produto, id_caracteristica)
VALUES (21, 6);
INSERT INTO features_products (id_produto, id_caracteristica)
VALUES (21, 7);
INSERT INTO features_products (id_produto, id_caracteristica)
VALUES (21, 9);
INSERT INTO features_products (id_produto, id_caracteristica)
VALUES (21, 11);
INSERT INTO features_products (id_produto, id_caracteristica)
VALUES (21, 12);
INSERT INTO features_products (id_produto, id_caracteristica)
VALUES (21, 13);
INSERT INTO features_products (id_produto, id_caracteristica)
VALUES (21, 14);
INSERT INTO features_products (id_produto, id_caracteristica)
VALUES (21, 15);
INSERT INTO features_products (id_produto, id_caracteristica)
VALUES (22, 1);
INSERT INTO features_products (id_produto, id_caracteristica)
VALUES (22, 4);
INSERT INTO features_products (id_produto, id_caracteristica)
VALUES (22, 6);
INSERT INTO features_products (id_produto, id_caracteristica)
VALUES (22, 9);
INSERT INTO features_products (id_produto, id_caracteristica)
VALUES (22, 11);
INSERT INTO features_products (id_produto, id_caracteristica)
VALUES (22, 12);
INSERT INTO features_products (id_produto, id_caracteristica)
VALUES (22, 14);
INSERT INTO features_products (id_produto, id_caracteristica)
VALUES (22, 15);
INSERT INTO features_products (id_produto, id_caracteristica)
VALUES (23, 1);
INSERT INTO features_products (id_produto, id_caracteristica)
VALUES (23, 4);
INSERT INTO features_products (id_produto, id_caracteristica)
VALUES (23, 7);
INSERT INTO features_products (id_produto, id_caracteristica)
VALUES (23, 9);
INSERT INTO features_products (id_produto, id_caracteristica)
VALUES (23, 11);
INSERT INTO features_products (id_produto, id_caracteristica)
VALUES (23, 12);
INSERT INTO features_products (id_produto, id_caracteristica)
VALUES (23, 14);
INSERT INTO features_products (id_produto, id_caracteristica)
VALUES (23, 15);
INSERT INTO features_products (id_produto, id_caracteristica)
VALUES (24, 1);
INSERT INTO features_products (id_produto, id_caracteristica)
VALUES (24, 4);
INSERT INTO features_products (id_produto, id_caracteristica)
VALUES (24, 6);
INSERT INTO features_products (id_produto, id_caracteristica)
VALUES (24, 7);
INSERT INTO features_products (id_produto, id_caracteristica)
VALUES (24, 9);
INSERT INTO features_products (id_produto, id_caracteristica)
VALUES (24, 11);
INSERT INTO features_products (id_produto, id_caracteristica)
VALUES (24, 12);
INSERT INTO features_products (id_produto, id_caracteristica)
VALUES (24, 13);
INSERT INTO features_products (id_produto, id_caracteristica)
VALUES (24, 14);
INSERT INTO features_products (id_produto, id_caracteristica)
VALUES (24, 15);
INSERT INTO features_products (id_produto, id_caracteristica)
VALUES (25, 1);
INSERT INTO features_products (id_produto, id_caracteristica)
VALUES (25, 4);
INSERT INTO features_products (id_produto, id_caracteristica)
VALUES (25, 6);
INSERT INTO features_products (id_produto, id_caracteristica)
VALUES (25, 7);
INSERT INTO features_products (id_produto, id_caracteristica)
VALUES (25, 9);
INSERT INTO features_products (id_produto, id_caracteristica)
VALUES (25, 11);
INSERT INTO features_products (id_produto, id_caracteristica)
VALUES (25, 12);
INSERT INTO features_products (id_produto, id_caracteristica)
VALUES (25, 13);
INSERT INTO features_products (id_produto, id_caracteristica)
VALUES (25, 14);
INSERT INTO features_products (id_produto, id_caracteristica)
VALUES (25, 15);
INSERT INTO features_products (id_produto, id_caracteristica)
VALUES (26, 1);
INSERT INTO features_products (id_produto, id_caracteristica)
VALUES (26, 4);
INSERT INTO features_products (id_produto, id_caracteristica)
VALUES (26, 6);
INSERT INTO features_products (id_produto, id_caracteristica)
VALUES (26, 7);
INSERT INTO features_products (id_produto, id_caracteristica)
VALUES (26, 9);
INSERT INTO features_products (id_produto, id_caracteristica)
VALUES (26, 11);
INSERT INTO features_products (id_produto, id_caracteristica)
VALUES (26, 12);
INSERT INTO features_products (id_produto, id_caracteristica)
VALUES (26, 13);
INSERT INTO features_products (id_produto, id_caracteristica)
VALUES (26, 14);
INSERT INTO features_products (id_produto, id_caracteristica)
VALUES (26, 15);
INSERT INTO features_products (id_produto, id_caracteristica)
VALUES (27, 1);
INSERT INTO features_products (id_produto, id_caracteristica)
VALUES (27, 4);
INSERT INTO features_products (id_produto, id_caracteristica)
VALUES (27, 6);
INSERT INTO features_products (id_produto, id_caracteristica)
VALUES (27, 7);
INSERT INTO features_products (id_produto, id_caracteristica)
VALUES (27, 9);
INSERT INTO features_products (id_produto, id_caracteristica)
VALUES (27, 11);
INSERT INTO features_products (id_produto, id_caracteristica)
VALUES (27, 12);
INSERT INTO features_products (id_produto, id_caracteristica)
VALUES (27, 13);
INSERT INTO features_products (id_produto, id_caracteristica)
VALUES (27, 14);
INSERT INTO features_products (id_produto, id_caracteristica)
VALUES (27, 15);
INSERT INTO features_products (id_produto, id_caracteristica)
VALUES (28, 1);
INSERT INTO features_products (id_produto, id_caracteristica)
VALUES (28, 4);
INSERT INTO features_products (id_produto, id_caracteristica)
VALUES (28, 9);
INSERT INTO features_products (id_produto, id_caracteristica)
VALUES (28, 11);
INSERT INTO features_products (id_produto, id_caracteristica)
VALUES (28, 12);
INSERT INTO features_products (id_produto, id_caracteristica)
VALUES (28, 14);
INSERT INTO features_products (id_produto, id_caracteristica)
VALUES (28, 15);
INSERT INTO features_products (id_produto, id_caracteristica)
VALUES (29, 1);
INSERT INTO features_products (id_produto, id_caracteristica)
VALUES (29, 5);
INSERT INTO features_products (id_produto, id_caracteristica)
VALUES (29, 9);
INSERT INTO features_products (id_produto, id_caracteristica)
VALUES (29, 11);
INSERT INTO features_products (id_produto, id_caracteristica)
VALUES (29, 12);
INSERT INTO features_products (id_produto, id_caracteristica)
VALUES (29, 14);
INSERT INTO features_products (id_produto, id_caracteristica)
VALUES (29, 15);
INSERT INTO features_products (id_produto, id_caracteristica)
VALUES (30, 1);
INSERT INTO features_products (id_produto, id_caracteristica)
VALUES (30, 4);
INSERT INTO features_products (id_produto, id_caracteristica)
VALUES (30, 6);
INSERT INTO features_products (id_produto, id_caracteristica)
VALUES (30, 9);
INSERT INTO features_products (id_produto, id_caracteristica)
VALUES (30, 11);
INSERT INTO features_products (id_produto, id_caracteristica)
VALUES (30, 12);
INSERT INTO features_products (id_produto, id_caracteristica)
VALUES (30, 13);
INSERT INTO features_products (id_produto, id_caracteristica)
VALUES (30, 14);
INSERT INTO features_products (id_produto, id_caracteristica)
VALUES (30, 16);
INSERT INTO features_products (id_produto, id_caracteristica)
VALUES (31, 1);
INSERT INTO features_products (id_produto, id_caracteristica)
VALUES (31, 4);
INSERT INTO features_products (id_produto, id_caracteristica)
VALUES (31, 6);
INSERT INTO features_products (id_produto, id_caracteristica)
VALUES (31, 7);
INSERT INTO features_products (id_produto, id_caracteristica)
VALUES (31, 8);
INSERT INTO features_products (id_produto, id_caracteristica)
VALUES (31, 9);
INSERT INTO features_products (id_produto, id_caracteristica)
VALUES (31, 11);
INSERT INTO features_products (id_produto, id_caracteristica)
VALUES (31, 12);
INSERT INTO features_products (id_produto, id_caracteristica)
VALUES (31, 13);
INSERT INTO features_products (id_produto, id_caracteristica)
VALUES (31, 14);
INSERT INTO features_products (id_produto, id_caracteristica)
VALUES (31, 15);
INSERT INTO features_products (id_produto, id_caracteristica)
VALUES (32, 1);
INSERT INTO features_products (id_produto, id_caracteristica)
VALUES (32, 4);
INSERT INTO features_products (id_produto, id_caracteristica)
VALUES (32, 6);
INSERT INTO features_products (id_produto, id_caracteristica)
VALUES (32, 9);
INSERT INTO features_products (id_produto, id_caracteristica)
VALUES (32, 11);
INSERT INTO features_products (id_produto, id_caracteristica)
VALUES (32, 14);
INSERT INTO features_products (id_produto, id_caracteristica)
VALUES (32, 16);

-- Roles
INSERT INTO roles (nome)
VALUES ("Admin");
INSERT INTO roles (nome)
VALUES ("User");

-- Users
INSERT INTO users (nome, sobrenome, email, senha, id_funcao)
VALUES ("Francieli", "Celeghim", "francieliceleghim2013@gmail.com", "celeghim*f", 1);
INSERT INTO users (nome, sobrenome, email, senha, id_funcao)
VALUES ("João Vitor", "Dutra", "joao@email.com", "senha_joao", 1);
INSERT INTO users (nome, sobrenome, email, senha, id_funcao)
VALUES ("Katherine", "Duarte", "katamarieth@gmail.com", "teste@2022", 1);
INSERT INTO users (nome, sobrenome, email, senha, id_funcao)
VALUES ("Marcelo", "Ramos", "marcelo@rows.com", "dh1414", 1);
INSERT INTO users (nome, sobrenome, email, senha, id_funcao)
VALUES ("Mateus", "Dias", "mateusdias@outlook.com", "qwerty", 1);